position,title,source,snippet,link,displayed_link
1,252 Junior Product Manager jobs in Hyderabad ...,LinkedIn India,"252 Junior Product Manager Jobs in Hyderabad, Telangana, India (9 new). Product Manager. Product Manager. Experian. Hyderabad, Telangana, India.",https://in.linkedin.com/jobs/junior-product-manager-jobs-hyderabad,https://in.linkedin.com › jobs › junior-product-manager-j...
2,Junior Product Manager Jobs In Hyderabad Secunderabad,Naukri.com,Apply To Junior Product Manager Jobs In Hyderabad Secunderabad On India's No. 1 Job Portal Naukri.com. Explore Latest Junior Product Manager Job ...,https://www.naukri.com/junior-product-manager-jobs-in-hyderabad-secunderabad,https://www.naukri.com › junior-product-manager-jobs...
3,Junior Product Manager Jobs,Naukri.com,155 Junior Product Manager Jobs Available On Naukri.com. Explore Junior Product Manager Job Vacancies In Your Desired Locations Now!,https://www.naukri.com/junior-product-manager-jobs,https://www.naukri.com › junior-product-manager-jobs
4,1 Junior Product Manager Jobs and Vacancies ...,Indeed,"Work closely with product managers, UX designers, and other engineering teams. Mentor junior engineers and foster a culture of innovation.","https://in.indeed.com/q-junior-product-manager-l-hyderabad,-telangana-jobs.html",https://in.indeed.com › q-junior-product-manager-l-hyde...
5,Associate Product Manager Jobs In Hyderabad ...,Naukri.com,Apply To Associate Product Manager Jobs In Hyderabad Secunderabad On India's No. 1 Job Portal Naukri.com. Explore Latest Associate Product Manager ...,https://www.naukri.com/associate-product-manager-jobs-in-hyderabad-secunderabad,https://www.naukri.com › associate-product-manager-jo...
6,3000+ Junior Product Manager jobs in India,LinkedIn India,"Today's top 3000+ Junior Product Manager jobs in India. Leverage your professional network, and get hired. New Junior Product Manager jobs added daily.",https://in.linkedin.com/jobs/junior-product-manager-jobs,https://in.linkedin.com › jobs › junior-product-manager-j...
7,419 Associate Product Manager jobs in Hyderabad,LinkedIn India,"Today's top 419 Associate Product Manager jobs in Hyderabad. Leverage your professional network, and get hired. New Associate Product Manager jobs added ...",https://in.linkedin.com/jobs/associate-product-manager-jobs-hyderabad,https://in.linkedin.com › jobs › associate-product-manag...
8,15 Associate Product Management jobs in Hyderabad ...,LinkedIn India,"15 Associate Product Management Jobs in Hyderabad, Telangana, India · Operations Associate · Trainee-Business Analyst · Senior Manager, Product Owner [T500- ...",https://in.linkedin.com/jobs/associate-product-management-jobs-hyderabad,https://in.linkedin.com › jobs › associate-product-manag...
9,Associate Product Manager Jobs,Naukri.com,14883 Associate Product Manager Jobs Available On Naukri.com. Explore Associate Product Manager Job Vacancies In Your Desired Locations Now!,https://www.naukri.com/associate-product-manager-jobs,https://www.naukri.com › associate-product-manager-jo...
10,4000+ Associate Product Manager jobs in India (254 new),LinkedIn India,"4,000+ Associate Product Manager Jobs in India (254 new). Product Manager. Product Manager. LinkedIn. Bengaluru, Karnataka, India. Actively Hiring. 1 week ago.",https://in.linkedin.com/jobs/associate-product-manager-jobs,https://in.linkedin.com › jobs › associate-product-manag...
